Model,Averaging,Accuracy,Precision,Recall,F1-score,ConfM-00,ConfM-01,ConfM-10,ConfM-11
snn_lmu,3,0.5923,0.6127946398894316,0.48229350846173275,0.5384772147190798,2829.0,1212.0,2049.6,1909.4
snn_lmu,6,0.6008,0.6157235430585238,0.5203334175296792,0.5606764289053284,2746.4,1294.6,1899.0,2060.0
snn_lmu,9,0.6002249999999999,0.5951716297310258,0.6009093205354887,0.5978637347907394,2422.8,1618.2,1580.0,2379.0
snn_lmu,12,0.609,0.605417386313922,0.6060621369032584,0.6052212449507037,2472.6,1568.4,1559.6,2399.4
snn_lmu,15,0.5987250000000001,0.5923394208498374,0.6107097751957565,0.6009957861506188,2372.0,1669.0,1541.2,2417.8
